"","Boston Celtics","Miami Heat","New Jersey Nets","New York Knicks","Orlando Magic","Philadelphia 76ers","Washington Wizards"
"Boston Celtics",0,0.333333333333333,0.25,0.75,1,0.25,0.75
"Miami Heat",0.666666666666667,0,1,1,1,0.5,1
"New Jersey Nets",0.75,0,0,0.75,0.25,0.75,0.25
"New York Knicks",0.25,0,0.25,0,0.333333333333333,0.75,0.666666666666667
"Orlando Magic",0,0,0.75,0.666666666666667,0,0.5,0.5
"Philadelphia 76ers",0.75,0.5,0.25,0.25,0.5,0,0.666666666666667
"Washington Wizards",0.25,0,0.75,0.333333333333333,0.5,0.333333333333333,0
