"","Atlanta Hawks","Chicago Bulls","Cleveland Cavaliers","Detroit Pistons","Indiana Pacers","Milwaukee Bucks","New Orleans Hornets","Toronto Raptors"
"Atlanta Hawks",0,0.75,0.25,0.25,0,0.5,0.5,0.25
"Chicago Bulls",0.25,0,0.5,0,0.25,0.25,0.5,1
"Cleveland Cavaliers",0.75,0.5,0,0.5,0.25,0.5,0.75,0.25
"Detroit Pistons",0.75,1,0.5,0,0.25,0.75,0.25,0.75
"Indiana Pacers",1,0.75,0.75,0.75,0,0.25,0.5,1
"Milwaukee Bucks",0.5,0.75,0.5,0.25,0.75,0,0.25,0.75
"New Orleans Hornets",0.5,0.5,0.25,0.75,0.5,0.75,0,0.25
"Toronto Raptors",0.75,0,0.75,0.25,0,0.25,0.75,0
