"","Atlanta Hawks","Charlotte Hornets","Chicago Bulls","Cleveland Cavaliers","Detroit Pistons","Indiana Pacers","Milwaukee Bucks","Toronto Raptors"
"Atlanta Hawks",0,0.25,0.75,0.75,0.25,0.25,0,0.5
"Charlotte Hornets",0.75,0,1,0.75,0.5,0.5,0.75,0.75
"Chicago Bulls",0.25,0,0,0.25,0.25,0.25,0.25,0
"Cleveland Cavaliers",0.25,0.25,0.75,0,0.5,0,0.25,0
"Detroit Pistons",0.75,0.5,0.75,0.5,0,0.25,0.75,0.5
"Indiana Pacers",0.75,0.5,0.75,1,0.75,0,0.5,0.75
"Milwaukee Bucks",1,0.25,0.75,0.75,0.25,0.5,0,0.5
"Toronto Raptors",0.5,0.25,1,1,0.5,0.25,0.5,0
