"","Atlanta Hawks","Chicago Bulls","Cleveland Cavaliers","Detroit Pistons","Indiana Pacers","Milwaukee Bucks","New Orleans Hornets","Toronto Raptors"
"Atlanta Hawks",0,0,0,0.25,0,0.333333333333333,0.5,0.333333333333333
"Chicago Bulls",1,0,0.5,0.5,0.5,0.5,0.5,1
"Cleveland Cavaliers",1,0.5,0,0.5,0.25,0.5,1,0.75
"Detroit Pistons",0.75,0.5,0.5,0,0.5,0.5,1,0.75
"Indiana Pacers",1,0.5,0.75,0.5,0,0.5,0.5,0.666666666666667
"Milwaukee Bucks",0.666666666666667,0.5,0.5,0.5,0.5,0,0.5,0.5
"New Orleans Hornets",0.5,0.5,0,0,0.5,0.5,0,0
"Toronto Raptors",0.666666666666667,0,0.25,0.25,0.333333333333333,0.5,1,0
