"","Atlanta Hawks","Charlotte Hornets","Chicago Bulls","Cleveland Cavaliers","Detroit Pistons","Indiana Pacers","Milwaukee Bucks","Toronto Raptors"
"Atlanta Hawks",0,0.5,0.75,0.75,0.25,0.25,0.25,0
"Charlotte Hornets",0.5,0,1,0.75,0.25,0.75,0.5,0.5
"Chicago Bulls",0.25,0,0,0.25,0.25,0,0.5,0
"Cleveland Cavaliers",0.25,0.25,0.75,0,0.25,0.5,0.75,0.25
"Detroit Pistons",0.75,0.75,0.75,0.75,0,0.75,0.5,0.75
"Indiana Pacers",0.75,0.25,1,0.5,0.25,0,0.25,0.25
"Milwaukee Bucks",0.75,0.5,0.5,0.25,0.5,0.75,0,1
"Toronto Raptors",1,0.5,1,0.75,0.25,0.75,0,0
