"","Atlanta Hawks","Charlotte Hornets","Chicago Bulls","Cleveland Cavaliers","Detroit Pistons","Indiana Pacers","Milwaukee Bucks","Toronto Raptors"
"Atlanta Hawks",0,0.25,0.25,0.75,0.25,0.75,1,1
"Charlotte Hornets",0.75,0,0,0.75,0.5,0.5,0.5,0.5
"Chicago Bulls",0.75,1,0,0.75,0.75,1,1,0.75
"Cleveland Cavaliers",0.25,0.25,0.25,0,0.5,0.75,0.5,0.75
"Detroit Pistons",0.75,0.5,0.25,0.5,0,0.75,0.75,0.75
"Indiana Pacers",0.25,0.5,0,0.25,0.25,0,0.5,1
"Milwaukee Bucks",0,0.5,0,0.5,0.25,0.5,0,0.75
"Toronto Raptors",0,0.5,0.25,0.25,0.25,0,0.25,0
