"","Dallas Mavericks","Denver Nuggets","Houston Rockets","Minnesota Timberwolves","San Antonio Spurs","Utah Jazz","Vancouver Grizzlies"
"Dallas Mavericks",0,0.666666666666667,0.5,0.333333333333333,0.25,0,0.666666666666667
"Denver Nuggets",0.333333333333333,0,0,0,0,0.333333333333333,0.75
"Houston Rockets",0.5,1,0,0.5,0,0,1
"Minnesota Timberwolves",0.666666666666667,1,0.5,0,0.5,0,0.75
"San Antonio Spurs",0.75,1,1,0.5,0,0.5,1
"Utah Jazz",1,0.666666666666667,1,1,0.5,0,1
"Vancouver Grizzlies",0.333333333333333,0.25,0,0.25,0,0,0
