"","Dallas Mavericks","Denver Nuggets","Houston Rockets","Memphis Grizzlies","Minnesota Timberwolves","San Antonio Spurs","Utah Jazz"
"Dallas Mavericks",0,0.666666666666667,0.5,1,0.5,0.25,1
"Denver Nuggets",0.333333333333333,0,0.333333333333333,1,0.5,0.5,0.5
"Houston Rockets",0.5,0.666666666666667,0,0.75,0.333333333333333,0.5,0.5
"Memphis Grizzlies",0,0,0.25,0,0.75,0.75,1
"Minnesota Timberwolves",0.5,0.5,0.666666666666667,0.25,0,0.333333333333333,0.75
"San Antonio Spurs",0.75,0.5,0.5,0.25,0.666666666666667,0,0.5
"Utah Jazz",0,0.5,0.5,0,0.25,0.5,0
