"","Golden State Warriors","Los Angeles Clippers","Los Angeles Lakers","Phoenix Suns","Portland Trail Blazers","Sacramento Kings","Seattle SuperSonics"
"Golden State Warriors",0,0.666666666666667,0.333333333333333,0.333333333333333,0.5,0.333333333333333,0.333333333333333
"Los Angeles Clippers",0.333333333333333,0,0,0,0.333333333333333,0.333333333333333,0
"Los Angeles Lakers",0.666666666666667,1,0,0.75,0.333333333333333,0.333333333333333,0.333333333333333
"Phoenix Suns",0.666666666666667,1,0.25,0,0,0,1
"Portland Trail Blazers",0.5,0.666666666666667,0.666666666666667,1,0,1,0.5
"Sacramento Kings",0.666666666666667,0.666666666666667,0.666666666666667,1,0,0,0.5
"Seattle SuperSonics",0.666666666666667,1,0.666666666666667,0,0.5,0.5,0
