"","Golden State Warriors","Los Angeles Clippers","Los Angeles Lakers","Phoenix Suns","Portland Trail Blazers","Sacramento Kings","Seattle SuperSonics"
"Golden State Warriors",0,0.5,0.25,0.5,0.5,0.5,0.75
"Los Angeles Clippers",0.5,0,0.25,0.75,0.5,0,0
"Los Angeles Lakers",0.75,0.75,0,0.75,0.5,0.25,0.75
"Phoenix Suns",0.5,0.25,0.25,0,0.5,0.25,0.5
"Portland Trail Blazers",0.5,0.5,0.5,0.5,0,0.75,0.5
"Sacramento Kings",0.5,1,0.75,0.75,0.25,0,0.75
"Seattle SuperSonics",0.25,1,0.25,0.5,0.5,0.25,0
