"","Golden State Warriors","Los Angeles Clippers","Los Angeles Lakers","Phoenix Suns","Portland Trail Blazers","Sacramento Kings","Seattle SuperSonics"
"Golden State Warriors",0,0,0.25,0.5,0.5,0.75,0.5
"Los Angeles Clippers",1,0,0.5,0,0.5,0,0.666666666666667
"Los Angeles Lakers",0.75,0.5,0,0,0.666666666666667,0.25,0.25
"Phoenix Suns",0.5,1,1,0,1,0.5,0.666666666666667
"Portland Trail Blazers",0.5,0.5,0.333333333333333,0,0,0.25,0.25
"Sacramento Kings",0.25,1,0.75,0.5,0.75,0,0.25
"Seattle SuperSonics",0.5,0.333333333333333,0.75,0.333333333333333,0.75,0.75,0
